"record_type,id,timestamp,direction,from,to,phone_hash,contact_name,message,media_filename,gps_lat,gps_lon,app,app_event,device_id,imei,notes"
"location,LO0015,2025-07-10 09:01:00,,,,,,,,48.872247,2.349796,location_service,fix,DEV123,IMEI0001,position stable"
"media,ME0016,2025-07-10 09:10:00,,,,,,,IMG_20250710_000015.jpg,48.850953,2.343748,gallery,photo_taken,DEV123,IMEI0001,photo intérieur"
"app_event,AP0022,2025-07-10 09:38:00,,,,,,,,,,whatsapp,open_note,DEV123,IMEI0001,"
"media,ME0024,2025-07-10 09:44:00,,,,,,,IMG_20250710_000023.jpg,,,gallery,photo_taken,DEV123,IMEI0001,photo paysage"
"browser,BR0026,2025-07-10 09:52:00,,,,,,https://www.example.com/recettes/pates,,,,browser,visit,DEV123,IMEI0001,horaires"
"location,LO0028,2025-07-10 10:02:00,,,,,,,,48.875286,2.371040,location_service,fix,DEV123,IMEI0001,position stable"
"app_event,AP0029,2025-07-10 10:08:00,,,,,,,,,,weather,route_requested,DEV123,IMEI0001,"
"media,ME0032,2025-07-10 10:35:00,,,,,,,VOICEMSG_20250710_000031.amr,,,voice_recorder,voice_saved,DEV123,IMEI0001,mémos vocal"
"media,ME0033,2025-07-10 10:42:00,,,,,,,VOICEMSG_20250710_000032.amr,,,voice_recorder,voice_saved,DEV123,IMEI0001,mémos vocal"
"location,LO0041,2025-07-10 11:08:00,,,,,,,,48.861217,2.346462,location_service,fix,DEV123,IMEI0001,"
"location,LO0042,2025-07-10 11:16:00,,,,,,,,48.850584,2.377164,location_service,fix,DEV123,IMEI0001,promenade"
"app_event,AP0044,2025-07-10 11:29:00,,,,,,""uber://request?to=48.8566,2.3522"",,,,gallery,event_created,DEV123,IMEI0001,"
"app_event,AP0047,2025-07-10 11:55:00,,,,,,whatsapp://chat?u=emma,,,,browser,play,DEV123,IMEI0001,"
"browser,BR0054,2025-07-10 12:23:00,,,,,,https://www.example.com/article-cafe-paris,,,,browser,visit,DEV123,IMEI0001,recherche"
"browser,BR0055,2025-07-10 12:25:00,,,,,,https://www.example.com/transport/metro,,,,browser,visit,DEV123,IMEI0001,horaires"
"browser,BR0058,2025-07-10 12:44:00,,,,,,https://www.example.com/article-cafe-paris,,,,browser,visit,DEV123,IMEI0001,lecture article"
"app_event,AP0060,2025-07-10 12:49:00,,,,,,,,,,voice_recorder,request,DEV123,IMEI0001,"
"browser,BR0067,2025-07-10 13:35:00,,,,,,https://www.example.com/transport/metro,,,,browser,visit,DEV123,IMEI0001,réservation"
"media,ME0074,2025-07-10 14:19:00,,,,,,,VOICEMSG_20250710_000073.amr,,,voice_recorder,voice_saved,DEV123,IMEI0001,mémos vocal"
"location,LO0080,2025-07-10 14:46:00,,,,,,,,48.853823,2.352330,location_service,fix,DEV123,IMEI0001,"
"app_event,AP0081,2025-07-10 14:50:00,,,,,,,,,,calendar,backup,DEV123,IMEI0001,"
"media,ME0084,2025-07-10 15:09:00,,,,,,,IMG_20250710_000083.jpg,48.873621,2.344324,gallery,photo_taken,DEV123,IMEI0001,photo terrasse"
"app_event,AP0085,2025-07-10 15:13:00,,,,,,calendar://event?id=meet_18h,,,,whatsapp,forecast_view,DEV123,IMEI0001,"
"browser,BR0090,2025-07-10 15:37:00,,,,,,https://www.example.com/cinema/horaires,,,,browser,visit,DEV123,IMEI0001,lecture article"
"browser,BR0096,2025-07-10 16:11:00,,,,,,https://www.example.com/recettes/pates,,,,browser,visit,DEV123,IMEI0001,réservation"
"browser,BR0098,2025-07-10 16:20:00,,,,,,https://www.example.com/cinema/horaires,,,,browser,visit,DEV123,IMEI0001,recherche"
"browser,BR0099,2025-07-10 16:29:00,,,,,,https://www.example.com/cinema/horaires,,,,browser,visit,DEV123,IMEI0001,horaires"
"browser,BR0100,2025-07-10 16:34:00,,,,,,https://www.example.com/recettes/pates,,,,browser,visit,DEV123,IMEI0001,réservation"
"location,LO0107,2025-07-10 17:10:00,,,,,,,,48.862802,2.376274,location_service,fix,DEV123,IMEI0001,trajet"
"app_event,AP0108,2025-07-10 17:18:00,,,,,,notes://open?id=note_1,,,,backup,route_requested,DEV123,IMEI0001,"
"media,ME0115,2025-07-10 18:03:00,,,,,,,IMG_20250710_000114.jpg,48.858188,2.359426,gallery,photo_taken,DEV123,IMEI0001,photo paysage"
"location,LO0118,2025-07-10 18:22:00,,,,,,,,48.876006,2.347269,location_service,fix,DEV123,IMEI0001,promenade"
"media,ME0120,2025-07-10 18:33:00,,,,,,,VOICEMSG_20250710_000119.amr,,,voice_recorder,voice_saved,DEV123,IMEI0001,mémos vocal"
"media,ME0128,2025-07-10 19:18:00,,,,,,,IMG_20250710_000127.jpg,48.862851,2.354823,gallery,photo_taken,DEV123,IMEI0001,photo amis"
"location,LO0129,2025-07-10 19:19:00,,,,,,,,48.875487,2.372893,location_service,fix,DEV123,IMEI0001,"
"media,ME0131,2025-07-10 19:30:00,,,,,,,VOICEMSG_20250710_000130.amr,,,voice_recorder,voice_saved,DEV123,IMEI0001,mémos vocal"
"app_event,AP0133,2025-07-10 19:44:00,,,,,,spotify://track/12345,,,,backup,update_check,DEV123,IMEI0001,"
"browser,BR0134,2025-07-10 19:50:00,,,,,,https://www.example.com/article-cafe-paris,,,,browser,visit,DEV123,IMEI0001,recherche"
"app_event,AP0135,2025-07-10 19:53:00,,,,,,calendar://event?id=meet_18h,,,,system,play,DEV123,IMEI0001,"
"media,ME0136,2025-07-10 19:59:00,,,,,,,VOICEMSG_20250710_000135.amr,,,voice_recorder,voice_saved,DEV123,IMEI0001,mémos vocal"
"browser,BR0140,2025-07-10 20:18:00,,,,,,https://www.example.com/cinema/horaires,,,,browser,visit,DEV123,IMEI0001,réservation"
"media,ME0143,2025-07-10 20:32:00,,,,,,,IMG_20250710_000142.jpg,48.864526,2.368983,gallery,photo_taken,DEV123,IMEI0001,photo amis"
"location,LO0144,2025-07-10 20:34:00,,,,,,,,48.874979,2.351850,location_service,fix,DEV123,IMEI0001,promenade"
"app_event,AP0147,2025-07-10 20:54:00,,,,,,""maps://route?to=48.8606,2.3376"",,,,maps,forecast_view,DEV123,IMEI0001,"
"app_event,AP0149,2025-07-10 21:04:00,,,,,,spotify://track/12345,,,,system,open_chat,DEV123,IMEI0001,"
"location,LO0150,2025-07-10 21:05:00,,,,,,,,48.854552,2.372446,location_service,fix,DEV123,IMEI0001,promenade"
"media,ME0152,2025-07-10 21:13:00,,,,,,,VOICEMSG_20250710_000151.amr,,,voice_recorder,voice_saved,DEV123,IMEI0001,mémos vocal"
"location,LO0154,2025-07-10 21:31:00,,,,,,,,48.878803,2.343969,location_service,fix,DEV123,IMEI0001,position stable"
"location,LO0155,2025-07-10 21:36:00,,,,,,,,48.869813,2.346282,location_service,fix,DEV123,IMEI0001,position stable"
"location,LO0156,2025-07-10 21:39:00,,,,,,,,48.850080,2.358020,location_service,fix,DEV123,IMEI0001,trajet"
"browser,BR0158,2025-07-10 21:48:00,,,,,,https://www.example.com/billet-musee,,,,browser,visit,DEV123,IMEI0001,horaires"
"location,LO0161,2025-07-10 22:10:00,,,,,,,,48.877636,2.357566,location_service,fix,DEV123,IMEI0001,trajet"
"browser,BR0162,2025-07-10 22:17:00,,,,,,https://www.example.com/restaurant/reservation,,,,browser,visit,DEV123,IMEI0001,recherche"
"app_event,AP0167,2025-07-10 22:51:00,,,,,,""maps://route?to=48.8606,2.3376"",,,,system,reminder_set,DEV123,IMEI0001,"
"browser,BR0169,2025-07-10 22:58:00,,,,,,https://www.example.com/billet-musee,,,,browser,visit,DEV123,IMEI0001,recherche"
"browser,BR0172,2025-07-10 23:22:00,,,,,,https://www.example.com/cinema/horaires,,,,browser,visit,DEV123,IMEI0001,recherche"
"location,LO0176,2025-07-10 23:59:00,,,,,,,,48.862240,2.348988,location_service,fix,DEV123,IMEI0001,"
"browser,BR0178,2025-07-11 00:08:00,,,,,,https://www.example.com/cinema/horaires,,,,browser,visit,DEV123,IMEI0001,recherche"
"location,LO0182,2025-07-11 00:37:00,,,,,,,,48.875958,2.357862,location_service,fix,DEV123,IMEI0001,trajet"
"app_event,AP0184,2025-07-11 00:50:00,,,,,,notes://open?id=note_1,,,,weather,play,DEV123,IMEI0001,"
"media,ME0185,2025-07-11 00:51:00,,,,,,,VOICEMSG_20250710_000184.amr,,,voice_recorder,voice_saved,DEV123,IMEI0001,mémos vocal"
"media,ME0186,2025-07-11 00:58:00,,,,,,,VOICEMSG_20250710_000185.amr,,,voice_recorder,voice_saved,DEV123,IMEI0001,mémos vocal"
"app_event,AP0188,2025-07-11 01:09:00,,,,,,""maps://route?to=48.8606,2.3376"",,,,browser,start,DEV123,IMEI0001,"
"location,LO0191,2025-07-11 01:22:00,,,,,,,,48.869495,2.374071,location_service,fix,DEV123,IMEI0001,trajet"
"app_event,AP0197,2025-07-11 01:56:00,,,,,,spotify://track/12345,,,,calendar,forecast_view,DEV123,IMEI0001,"
"browser,BR0199,2025-07-11 02:12:00,,,,,,https://www.example.com/restaurant/reservation,,,,browser,visit,DEV123,IMEI0001,horaires"
"media,ME0204,2025-07-11 02:41:00,,,,,,,IMG_20250710_000203.jpg,,,gallery,photo_taken,DEV123,IMEI0001,selfie"
"app_event,AP0206,2025-07-11 02:46:00,,,,,,""maps://route?to=48.8606,2.3376"",,,,maps,fitness_start,DEV123,IMEI0001,"
"media,ME0208,2025-07-11 02:54:00,,,,,,,VOICEMSG_20250710_000207.amr,,,voice_recorder,voice_saved,DEV123,IMEI0001,mémos vocal"
"app_event,AP0210,2025-07-11 03:07:00,,,,,,calendar://event?id=meet_18h,,,,fitness,start,DEV123,IMEI0001,"
"app_event,AP0211,2025-07-11 03:12:00,,,,,,calendar://event?id=meet_18h,,,,system,fitness_start,DEV123,IMEI0001,"
"media,ME0212,2025-07-11 03:18:00,,,,,,,IMG_20250710_000211.jpg,48.852259,2.370166,gallery,photo_taken,DEV123,IMEI0001,photo intérieur"
"app_event,AP0213,2025-07-11 03:25:00,,,,,,notes://open?id=note_1,,,,ride_hailing,open_chat,DEV123,IMEI0001,"
"browser,BR0215,2025-07-11 03:40:00,,,,,,https://www.example.com/cinema/horaires,,,,browser,visit,DEV123,IMEI0001,réservation"
"location,LO0218,2025-07-11 03:56:00,,,,,,,,48.854193,2.377850,location_service,fix,DEV123,IMEI0001,promenade"
"browser,BR0222,2025-07-11 04:13:00,,,,,,https://www.example.com/cinema/horaires,,,,browser,visit,DEV123,IMEI0001,recherche"
"browser,BR0229,2025-07-11 04:51:00,,,,,,https://www.example.com/transport/metro,,,,browser,visit,DEV123,IMEI0001,lecture article"
"media,ME0232,2025-07-11 05:06:00,,,,,,,VOICEMSG_20250710_000231.amr,,,voice_recorder,voice_saved,DEV123,IMEI0001,mémos vocal"
"media,ME0233,2025-07-11 05:15:00,,,,,,,IMG_20250710_000232.jpg,48.856646,2.364604,gallery,photo_taken,DEV123,IMEI0001,photo amis"
"browser,BR0235,2025-07-11 05:24:00,,,,,,https://www.example.com/billet-musee,,,,browser,visit,DEV123,IMEI0001,recherche"
"browser,BR0239,2025-07-11 05:53:00,,,,,,https://www.example.com/billet-musee,,,,browser,visit,DEV123,IMEI0001,horaires"
"browser,BR0241,2025-07-11 06:03:00,,,,,,https://www.example.com/cinema/horaires,,,,browser,visit,DEV123,IMEI0001,réservation"
"browser,BR0242,2025-07-11 06:09:00,,,,,,https://www.example.com/transport/metro,,,,browser,visit,DEV123,IMEI0001,recherche"
"location,LO0245,2025-07-11 06:22:00,,,,,,,,48.862324,2.374944,location_service,fix,DEV123,IMEI0001,trajet"
"app_event,AP0246,2025-07-11 06:23:00,,,,,,calendar://event?id=meet_18h,,,,maps,update_check,DEV123,IMEI0001,"
"app_event,AP0248,2025-07-11 06:39:00,,,,,,notes://open?id=note_1,,,,ride_hailing,open_chat,DEV123,IMEI0001,"
"location,LO0250,2025-07-11 06:52:00,,,,,,,,48.850788,2.377163,location_service,fix,DEV123,IMEI0001,promenade"
"browser,BR0252,2025-07-11 07:02:00,,,,,,https://www.example.com/restaurant/reservation,,,,browser,visit,DEV123,IMEI0001,réservation"
"location,LO0254,2025-07-11 07:12:00,,,,,,,,48.852088,2.369639,location_service,fix,DEV123,IMEI0001,"
"browser,BR0258,2025-07-11 07:33:00,,,,,,https://www.example.com/cinema/horaires,,,,browser,visit,DEV123,IMEI0001,recherche"
"media,ME0263,2025-07-11 07:56:00,,,,,,,VOICEMSG_20250710_000262.amr,,,voice_recorder,voice_saved,DEV123,IMEI0001,mémos vocal"
"app_event,AP0269,2025-07-11 08:23:00,,,,,,notes://open?id=note_1,,,,location_service,request,DEV123,IMEI0001,"
"browser,BR0273,2025-07-11 08:40:00,,,,,,https://www.example.com/transport/metro,,,,browser,visit,DEV123,IMEI0001,lecture article"
"location,LO0277,2025-07-11 09:00:00,,,,,,,,48.865220,2.352416,location_service,fix,DEV123,IMEI0001,trajet"
"app_event,AP0279,2025-07-11 09:08:00,,,,,,spotify://track/12345,,,,location_service,update_check,DEV123,IMEI0001,"
"app_event,AP0281,2025-07-11 09:26:00,,,,,,spotify://track/12345,,,,whatsapp,reminder_set,DEV123,IMEI0001,"
"app_event,AP0283,2025-07-11 09:35:00,,,,,,""uber://request?to=48.8566,2.3522"",,,,location_service,start,DEV123,IMEI0001,"
"media,ME0286,2025-07-11 09:52:00,,,,,,,IMG_20250710_000285.jpg,,,gallery,photo_taken,DEV123,IMEI0001,selfie"
"browser,BR0288,2025-07-11 10:04:00,,,,,,https://www.example.com/transport/metro,,,,browser,visit,DEV123,IMEI0001,réservation"
"location,LO0290,2025-07-11 10:09:00,,,,,,,,48.859287,2.355067,location_service,fix,DEV123,IMEI0001,promenade"
"app_event,AP0291,2025-07-11 10:18:00,,,,,,""uber://request?to=48.8566,2.3522"",,,,location_service,backup,DEV123,IMEI0001,"
"media,ME0296,2025-07-11 10:44:00,,,,,,,VOICEMSG_20250710_000295.amr,,,voice_recorder,voice_saved,DEV123,IMEI0001,mémos vocal"
"browser,BR0298,2025-07-11 10:54:00,,,,,,https://www.example.com/cinema/horaires,,,,browser,visit,DEV123,IMEI0001,réservation"
"media,ME0299,2025-07-11 11:02:00,,,,,,,IMG_20250710_000298.jpg,48.859284,2.372345,gallery,photo_taken,DEV123,IMEI0001,photo paysage"
"app_event,AP0300,2025-07-11 11:06:00,,,,,,spotify://track/12345,,,,ride_hailing,backup,DEV123,IMEI0001,"
"app_event,AP0302,2025-07-11 11:24:00,,,,,,,,,,gallery,route_requested,DEV123,IMEI0001,"
"location,LO0303,2025-07-11 11:30:00,,,,,,,,48.866636,2.344104,location_service,fix,DEV123,IMEI0001,"
"app_event,AP0305,2025-07-11 11:35:00,,,,,,calendar://event?id=meet_18h,,,,calendar,forecast_view,DEV123,IMEI0001,"
"browser,BR0309,2025-07-11 11:53:00,,,,,,https://www.example.com/billet-musee,,,,browser,visit,DEV123,IMEI0001,recherche"
"media,ME0318,2025-07-11 12:35:00,,,,,,,VOICEMSG_20250710_000317.amr,,,voice_recorder,voice_saved,DEV123,IMEI0001,mémos vocal"
"media,ME0324,2025-07-11 13:07:00,,,,,,,VOICEMSG_20250710_000323.amr,,,voice_recorder,voice_saved,DEV123,IMEI0001,mémos vocal"
"media,ME0325,2025-07-11 13:14:00,,,,,,,VOICEMSG_20250710_000324.amr,,,voice_recorder,voice_saved,DEV123,IMEI0001,mémos vocal"
"browser,BR0327,2025-07-11 13:24:00,,,,,,https://www.example.com/cinema/horaires,,,,browser,visit,DEV123,IMEI0001,horaires"
"browser,BR0330,2025-07-11 13:43:00,,,,,,https://www.example.com/recettes/pates,,,,browser,visit,DEV123,IMEI0001,recherche"
"media,ME0332,2025-07-11 13:47:00,,,,,,,IMG_20250710_000331.jpg,48.868227,2.371252,gallery,photo_taken,DEV123,IMEI0001,photo terrasse"
"media,ME0335,2025-07-11 14:02:00,,,,,,,IMG_20250710_000334.jpg,48.861941,2.365982,gallery,photo_taken,DEV123,IMEI0001,photo intérieur"
"browser,BR0341,2025-07-11 14:29:00,,,,,,https://www.example.com/restaurant/reservation,,,,browser,visit,DEV123,IMEI0001,horaires"
"location,LO0344,2025-07-11 14:50:00,,,,,,,,48.874110,2.362066,location_service,fix,DEV123,IMEI0001,"
"media,ME0346,2025-07-11 15:07:00,,,,,,,IMG_20250710_000345.jpg,48.859511,2.342967,gallery,photo_taken,DEV123,IMEI0001,photo paysage"
"browser,BR0347,2025-07-11 15:13:00,,,,,,https://www.example.com/transport/metro,,,,browser,visit,DEV123,IMEI0001,horaires"
"media,ME0348,2025-07-11 15:16:00,,,,,,,VOICEMSG_20250710_000347.amr,,,voice_recorder,voice_saved,DEV123,IMEI0001,mémos vocal"
"app_event,AP0354,2025-07-11 15:50:00,,,,,,""uber://request?to=48.8566,2.3522"",,,,location_service,open,DEV123,IMEI0001,"
"media,ME0355,2025-07-11 15:55:00,,,,,,,IMG_20250710_000354.jpg,,,gallery,photo_taken,DEV123,IMEI0001,photo paysage"
"location,LO0356,2025-07-11 15:56:00,,,,,,,,48.864941,2.365087,location_service,fix,DEV123,IMEI0001,promenade"
"location,LO0357,2025-07-11 16:01:00,,,,,,,,48.864488,2.372188,location_service,fix,DEV123,IMEI0001,trajet"
"browser,BR0360,2025-07-11 16:17:00,,,,,,https://www.example.com/cinema/horaires,,,,browser,visit,DEV123,IMEI0001,horaires"
"media,ME0361,2025-07-11 16:26:00,,,,,,,IMG_20250710_000360.jpg,48.863994,2.350699,gallery,photo_taken,DEV123,IMEI0001,photo intérieur"
"location,LO0366,2025-07-11 16:36:00,,,,,,,,48.851516,2.359796,location_service,fix,DEV123,IMEI0001,trajet"
"app_event,AP0368,2025-07-11 16:43:00,,,,,,,,,,weather,reminder_set,DEV123,IMEI0001,"
"location,LO0371,2025-07-11 17:04:00,,,,,,,,48.879252,2.355756,location_service,fix,DEV123,IMEI0001,promenade"
"location,LO0372,2025-07-11 17:10:00,,,,,,,,48.872649,2.347962,location_service,fix,DEV123,IMEI0001,trajet"
"app_event,AP0377,2025-07-11 17:46:00,,,,,,,,,,spotify,backup,DEV123,IMEI0001,"
"browser,BR0381,2025-07-11 18:17:00,,,,,,https://www.example.com/recettes/pates,,,,browser,visit,DEV123,IMEI0001,lecture article"
"browser,BR0383,2025-07-11 18:32:00,,,,,,https://www.example.com/recettes/pates,,,,browser,visit,DEV123,IMEI0001,recherche"
"app_event,AP0384,2025-07-11 18:33:00,,,,,,whatsapp://chat?u=emma,,,,gallery,start,DEV123,IMEI0001,"
"location,LO0385,2025-07-11 18:41:00,,,,,,,,48.865764,2.352550,location_service,fix,DEV123,IMEI0001,position stable"
"media,ME0387,2025-07-11 18:55:00,,,,,,,VOICEMSG_20250710_000386.amr,,,voice_recorder,voice_saved,DEV123,IMEI0001,mémos vocal"
"media,ME0389,2025-07-11 19:03:00,,,,,,,VOICEMSG_20250710_000388.amr,,,voice_recorder,voice_saved,DEV123,IMEI0001,mémos vocal"
"location,LO0391,2025-07-11 19:18:00,,,,,,,,48.861391,2.379206,location_service,fix,DEV123,IMEI0001,promenade"
"browser,BR0394,2025-07-11 19:29:00,,,,,,https://www.example.com/article-cafe-paris,,,,browser,visit,DEV123,IMEI0001,horaires"
"location,LO0402,2025-07-11 20:14:00,,,,,,,,48.858537,2.379564,location_service,fix,DEV123,IMEI0001,trajet"
"app_event,AP0403,2025-07-11 20:17:00,,,,,,calendar://event?id=meet_18h,,,,fitness,forecast_view,DEV123,IMEI0001,"
"browser,BR0405,2025-07-11 20:20:00,,,,,,https://www.example.com/billet-musee,,,,browser,visit,DEV123,IMEI0001,réservation"
"media,ME0406,2025-07-11 20:30:00,,,,,,,IMG_20250710_000405.jpg,48.875684,2.375882,gallery,photo_taken,DEV123,IMEI0001,photo paysage"
"browser,BR0411,2025-07-11 20:52:00,,,,,,https://www.example.com/billet-musee,,,,browser,visit,DEV123,IMEI0001,lecture article"
"media,ME0416,2025-07-11 21:19:00,,,,,,,VOICEMSG_20250710_000415.amr,,,voice_recorder,voice_saved,DEV123,IMEI0001,mémos vocal"
"app_event,AP0418,2025-07-11 21:34:00,,,,,,spotify://track/12345,,,,whatsapp,update_check,DEV123,IMEI0001,"
"browser,BR0420,2025-07-11 21:48:00,,,,,,https://www.example.com/article-cafe-paris,,,,browser,visit,DEV123,IMEI0001,recherche"
"media,ME0421,2025-07-11 21:56:00,,,,,,,IMG_20250710_000420.jpg,48.863704,2.342309,gallery,photo_taken,DEV123,IMEI0001,photo paysage"
"browser,BR0422,2025-07-11 22:01:00,,,,,,https://www.example.com/billet-musee,,,,browser,visit,DEV123,IMEI0001,lecture article"
"media,ME0432,2025-07-11 22:50:00,,,,,,,IMG_20250710_000431.jpg,48.852019,2.363758,gallery,photo_taken,DEV123,IMEI0001,photo paysage"
"location,LO0433,2025-07-11 22:51:00,,,,,,,,48.857342,2.341769,location_service,fix,DEV123,IMEI0001,trajet"
"location,LO0437,2025-07-11 23:18:00,,,,,,,,48.876391,2.376463,location_service,fix,DEV123,IMEI0001,trajet"
"location,LO0438,2025-07-11 23:19:00,,,,,,,,48.879169,2.377663,location_service,fix,DEV123,IMEI0001,trajet"
"media,ME0439,2025-07-11 23:25:00,,,,,,,VOICEMSG_20250710_000438.amr,,,voice_recorder,voice_saved,DEV123,IMEI0001,mémos vocal"
"app_event,AP0441,2025-07-11 23:35:00,,,,,,""maps://route?to=48.8606,2.3376"",,,,gallery,fitness_start,DEV123,IMEI0001,"
"location,LO0445,2025-07-11 23:54:00,,,,,,,,48.855645,2.370468,location_service,fix,DEV123,IMEI0001,position stable"
"location,LO0448,2025-07-12 00:13:00,,,,,,,,48.861420,2.361346,location_service,fix,DEV123,IMEI0001,promenade"
"media,ME0450,2025-07-12 00:27:00,,,,,,,VOICEMSG_20250710_000449.amr,,,voice_recorder,voice_saved,DEV123,IMEI0001,mémos vocal"
"browser,BR0455,2025-07-12 01:08:00,,,,,,https://www.example.com/restaurant/reservation,,,,browser,visit,DEV123,IMEI0001,recherche"
"app_event,AP0460,2025-07-12 01:34:00,,,,,,whatsapp://chat?u=emma,,,,location_service,open_note,DEV123,IMEI0001,"
"media,ME0466,2025-07-12 02:05:00,,,,,,,IMG_20250710_000465.jpg,,,gallery,photo_taken,DEV123,IMEI0001,photo amis"
"media,ME0468,2025-07-12 02:11:00,,,,,,,VOICEMSG_20250710_000467.amr,,,voice_recorder,voice_saved,DEV123,IMEI0001,mémos vocal"
"browser,BR0471,2025-07-12 02:28:00,,,,,,https://www.example.com/cinema/horaires,,,,browser,visit,DEV123,IMEI0001,recherche"
"location,LO0472,2025-07-12 02:34:00,,,,,,,,48.866976,2.374318,location_service,fix,DEV123,IMEI0001,"
"app_event,AP0473,2025-07-12 02:35:00,,,,,,notes://open?id=note_1,,,,calendar,play,DEV123,IMEI0001,"
"browser,BR0474,2025-07-12 02:45:00,,,,,,https://www.example.com/cinema/horaires,,,,browser,visit,DEV123,IMEI0001,réservation"
"browser,BR0476,2025-07-12 02:52:00,,,,,,https://www.example.com/recettes/pates,,,,browser,visit,DEV123,IMEI0001,lecture article"
"media,ME0478,2025-07-12 03:05:00,,,,,,,IMG_20250710_000477.jpg,48.866919,2.362668,gallery,photo_taken,DEV123,IMEI0001,photo paysage"
"browser,BR0479,2025-07-12 03:14:00,,,,,,https://www.example.com/restaurant/reservation,,,,browser,visit,DEV123,IMEI0001,recherche"
"media,ME0480,2025-07-12 03:17:00,,,,,,,IMG_20250710_000479.jpg,48.879230,2.342148,gallery,photo_taken,DEV123,IMEI0001,photo paysage"
"location,LO0482,2025-07-12 03:27:00,,,,,,,,48.864718,2.354232,location_service,fix,DEV123,IMEI0001,trajet"
"location,LO0484,2025-07-12 03:41:00,,,,,,,,48.871393,2.343282,location_service,fix,DEV123,IMEI0001,position stable"
"location,LO0491,2025-07-12 04:15:00,,,,,,,,48.870559,2.346780,location_service,fix,DEV123,IMEI0001,promenade"
"media,ME0499,2025-07-12 05:16:00,,,,,,,VOICEMSG_20250710_000498.amr,,,voice_recorder,voice_saved,DEV123,IMEI0001,mémos vocal"
"location,LO0501,2025-07-12 05:32:00,,,,,,,,48.855398,2.370705,location_service,fix,DEV123,IMEI0001,"
"browser,BR0503,2025-07-12 05:43:00,,,,,,https://www.example.com/billet-musee,,,,browser,visit,DEV123,IMEI0001,réservation"
"media,ME0507,2025-07-12 06:09:00,,,,,,,IMG_20250710_000506.jpg,,,gallery,photo_taken,DEV123,IMEI0001,photo terrasse"
"location,LO0508,2025-07-12 06:16:00,,,,,,,,48.879004,2.353264,location_service,fix,DEV123,IMEI0001,trajet"
"location,LO0510,2025-07-12 06:28:00,,,,,,,,48.856631,2.354965,location_service,fix,DEV123,IMEI0001,trajet"
"media,ME0511,2025-07-12 06:38:00,,,,,,,IMG_20250710_000510.jpg,48.850737,2.344182,gallery,photo_taken,DEV123,IMEI0001,photo paysage"
"browser,BR0514,2025-07-12 06:52:00,,,,,,https://www.example.com/restaurant/reservation,,,,browser,visit,DEV123,IMEI0001,lecture article"
"browser,BR0518,2025-07-12 07:13:00,,,,,,https://www.example.com/article-cafe-paris,,,,browser,visit,DEV123,IMEI0001,horaires"
"media,ME0520,2025-07-12 07:22:00,,,,,,,IMG_20250710_000519.jpg,,,gallery,photo_taken,DEV123,IMEI0001,photo amis"
"browser,BR0522,2025-07-12 07:36:00,,,,,,https://www.example.com/recettes/pates,,,,browser,visit,DEV123,IMEI0001,réservation"
"location,LO0523,2025-07-12 07:46:00,,,,,,,,48.861776,2.344569,location_service,fix,DEV123,IMEI0001,promenade"
"app_event,AP0524,2025-07-12 07:56:00,,,,,,""uber://request?to=48.8566,2.3522"",,,,voice_recorder,backup,DEV123,IMEI0001,"
"media,ME0525,2025-07-12 08:06:00,,,,,,,IMG_20250710_000524.jpg,,,gallery,photo_taken,DEV123,IMEI0001,selfie"
"location,LO0530,2025-07-12 08:38:00,,,,,,,,48.878555,2.359384,location_service,fix,DEV123,IMEI0001,position stable"
"app_event,AP0531,2025-07-12 08:47:00,,,,,,""maps://route?to=48.8606,2.3376"",,,,fitness,backup,DEV123,IMEI0001,"
"media,ME0535,2025-07-12 09:13:00,,,,,,,IMG_20250710_000534.jpg,48.858037,2.361724,gallery,photo_taken,DEV123,IMEI0001,selfie"
"app_event,AP0539,2025-07-12 09:30:00,,,,,,spotify://track/12345,,,,ride_hailing,open_note,DEV123,IMEI0001,"
"location,LO0540,2025-07-12 09:33:00,,,,,,,,48.868485,2.371394,location_service,fix,DEV123,IMEI0001,position stable"
"media,ME0541,2025-07-12 09:43:00,,,,,,,VOICEMSG_20250710_000540.amr,,,voice_recorder,voice_saved,DEV123,IMEI0001,mémos vocal"
"location,LO0543,2025-07-12 10:02:00,,,,,,,,48.879565,2.367172,location_service,fix,DEV123,IMEI0001,"
"app_event,AP0549,2025-07-12 10:37:00,,,,,,""maps://route?to=48.8606,2.3376"",,,,weather,play,DEV123,IMEI0001,"
"media,ME0552,2025-07-12 10:55:00,,,,,,,IMG_20250710_000551.jpg,48.873517,2.358383,gallery,photo_taken,DEV123,IMEI0001,photo terrasse"
"location,LO0556,2025-07-12 11:11:00,,,,,,,,48.862877,2.343648,location_service,fix,DEV123,IMEI0001,"
"browser,BR0559,2025-07-12 11:31:00,,,,,,https://www.example.com/cinema/horaires,,,,browser,visit,DEV123,IMEI0001,horaires"
"browser,BR0563,2025-07-12 11:53:00,,,,,,https://www.example.com/cinema/horaires,,,,browser,visit,DEV123,IMEI0001,recherche"
"app_event,AP0564,2025-07-12 11:55:00,,,,,,notes://open?id=note_1,,,,browser,event_created,DEV123,IMEI0001,"
"location,LO0568,2025-07-12 12:18:00,,,,,,,,48.864847,2.344510,location_service,fix,DEV123,IMEI0001,trajet"
"location,LO0569,2025-07-12 12:20:00,,,,,,,,48.865849,2.379108,location_service,fix,DEV123,IMEI0001,promenade"
"location,LO0573,2025-07-12 12:35:00,,,,,,,,48.873013,2.356943,location_service,fix,DEV123,IMEI0001,trajet"
"media,ME0581,2025-07-12 13:21:00,,,,,,,IMG_20250710_000580.jpg,48.879252,2.365101,gallery,photo_taken,DEV123,IMEI0001,photo paysage"
"location,LO0591,2025-07-12 14:07:00,,,,,,,,48.872187,2.349703,location_service,fix,DEV123,IMEI0001,promenade"
"location,LO0592,2025-07-12 14:15:00,,,,,,,,48.879934,2.371035,location_service,fix,DEV123,IMEI0001,position stable"
"location,LO0594,2025-07-12 14:23:00,,,,,,,,48.878530,2.340058,location_service,fix,DEV123,IMEI0001,trajet"
"app_event,AP0595,2025-07-12 14:28:00,,,,,,spotify://track/12345,,,,browser,play,DEV123,IMEI0001,"
"app_event,AP0598,2025-07-12 14:48:00,,,,,,calendar://event?id=meet_18h,,,,notes,open_note,DEV123,IMEI0001,"
"media,ME0603,2025-07-12 15:12:00,,,,,,,IMG_20250710_000602.jpg,48.863487,2.352561,gallery,photo_taken,DEV123,IMEI0001,photo terrasse"
"browser,BR0607,2025-07-12 15:30:00,,,,,,https://www.example.com/transport/metro,,,,browser,visit,DEV123,IMEI0001,lecture article"
"app_event,AP0610,2025-07-12 15:45:00,,,,,,spotify://track/12345,,,,location_service,update_check,DEV123,IMEI0001,"
"media,ME0612,2025-07-12 15:49:00,,,,,,,VOICEMSG_20250710_000611.amr,,,voice_recorder,voice_saved,DEV123,IMEI0001,mémos vocal"
"app_event,AP0614,2025-07-12 16:04:00,,,,,,""maps://route?to=48.8606,2.3376"",,,,system,open,DEV123,IMEI0001,"
"browser,BR0615,2025-07-12 16:07:00,,,,,,https://www.example.com/restaurant/reservation,,,,browser,visit,DEV123,IMEI0001,horaires"
"location,LO0618,2025-07-12 16:27:00,,,,,,,,48.864967,2.375311,location_service,fix,DEV123,IMEI0001,trajet"
"location,LO0620,2025-07-12 16:41:00,,,,,,,,48.857474,2.379763,location_service,fix,DEV123,IMEI0001,"
"location,LO0625,2025-07-12 17:05:00,,,,,,,,48.860644,2.373569,location_service,fix,DEV123,IMEI0001,position stable"
"browser,BR0627,2025-07-12 17:21:00,,,,,,https://www.example.com/recettes/pates,,,,browser,visit,DEV123,IMEI0001,horaires"
"location,LO0628,2025-07-12 17:25:00,,,,,,,,48.875101,2.372416,location_service,fix,DEV123,IMEI0001,trajet"
"app_event,AP0633,2025-07-12 17:41:00,,,,,,""uber://request?to=48.8566,2.3522"",,,,ride_hailing,open_note,DEV123,IMEI0001,"
"browser,BR0636,2025-07-12 17:54:00,,,,,,https://www.example.com/cinema/horaires,,,,browser,visit,DEV123,IMEI0001,réservation"
"media,ME0637,2025-07-12 17:59:00,,,,,,,IMG_20250710_000636.jpg,48.850054,2.368080,gallery,photo_taken,DEV123,IMEI0001,photo amis"
"location,LO0639,2025-07-12 18:11:00,,,,,,,,48.878101,2.345626,location_service,fix,DEV123,IMEI0001,"
"media,ME0644,2025-07-12 18:34:00,,,,,,,VOICEMSG_20250710_000643.amr,,,voice_recorder,voice_saved,DEV123,IMEI0001,mémos vocal"
"app_event,AP0646,2025-07-12 18:45:00,,,,,,,,,,voice_recorder,forecast_view,DEV123,IMEI0001,"
"media,ME0647,2025-07-12 18:46:00,,,,,,,VOICEMSG_20250710_000646.amr,,,voice_recorder,voice_saved,DEV123,IMEI0001,mémos vocal"
"location,LO0652,2025-07-12 19:05:00,,,,,,,,48.854713,2.344050,location_service,fix,DEV123,IMEI0001,position stable"
"media,ME0658,2025-07-12 19:53:00,,,,,,,VOICEMSG_20250710_000657.amr,,,voice_recorder,voice_saved,DEV123,IMEI0001,mémos vocal"
"app_event,AP0659,2025-07-12 19:58:00,,,,,,spotify://track/12345,,,,location_service,backup,DEV123,IMEI0001,"
"browser,BR0662,2025-07-12 20:11:00,,,,,,https://www.example.com/article-cafe-paris,,,,browser,visit,DEV123,IMEI0001,réservation"
"media,ME0663,2025-07-12 20:18:00,,,,,,,IMG_20250710_000662.jpg,48.875224,2.372736,gallery,photo_taken,DEV123,IMEI0001,photo paysage"
"app_event,AP0665,2025-07-12 20:27:00,,,,,,spotify://track/12345,,,,fitness,update_check,DEV123,IMEI0001,"
"media,ME0666,2025-07-12 20:37:00,,,,,,,IMG_20250710_000665.jpg,48.872716,2.346915,gallery,photo_taken,DEV123,IMEI0001,photo intérieur"
"app_event,AP0673,2025-07-12 21:09:00,,,,,,""maps://route?to=48.8606,2.3376"",,,,notes,route_requested,DEV123,IMEI0001,"
"browser,BR0674,2025-07-12 21:19:00,,,,,,https://www.example.com/recettes/pates,,,,browser,visit,DEV123,IMEI0001,recherche"
"app_event,AP0677,2025-07-12 21:40:00,,,,,,""uber://request?to=48.8566,2.3522"",,,,calendar,open,DEV123,IMEI0001,"
"location,LO0681,2025-07-12 22:03:00,,,,,,,,48.855638,2.348456,location_service,fix,DEV123,IMEI0001,trajet"
"media,ME0682,2025-07-12 22:12:00,,,,,,,VOICEMSG_20250710_000681.amr,,,voice_recorder,voice_saved,DEV123,IMEI0001,mémos vocal"
"app_event,AP0683,2025-07-12 22:21:00,,,,,,calendar://event?id=meet_18h,,,,voice_recorder,open_chat,DEV123,IMEI0001,"
"browser,BR0684,2025-07-12 22:28:00,,,,,,https://www.example.com/transport/metro,,,,browser,visit,DEV123,IMEI0001,lecture article"
"app_event,AP0689,2025-07-12 22:50:00,,,,,,""maps://route?to=48.8606,2.3376"",,,,maps,open,DEV123,IMEI0001,"
"media,ME0691,2025-07-12 23:04:00,,,,,,,IMG_20250710_000690.jpg,,,gallery,photo_taken,DEV123,IMEI0001,photo intérieur"
"location,LO0697,2025-07-12 23:46:00,,,,,,,,48.868272,2.351939,location_service,fix,DEV123,IMEI0001,"
"browser,BR0699,2025-07-12 23:57:00,,,,,,https://www.example.com/transport/metro,,,,browser,visit,DEV123,IMEI0001,horaires"
"app_event,AP0702,2025-07-13 00:09:00,,,,,,,,,,weather,open_note,DEV123,IMEI0001,"
"location,LO0703,2025-07-13 00:19:00,,,,,,,,48.874480,2.353727,location_service,fix,DEV123,IMEI0001,position stable"
"browser,BR0704,2025-07-13 00:27:00,,,,,,https://www.example.com/billet-musee,,,,browser,visit,DEV123,IMEI0001,réservation"
"media,ME0712,2025-07-13 01:07:00,,,,,,,VOICEMSG_20250710_000711.amr,,,voice_recorder,voice_saved,DEV123,IMEI0001,mémos vocal"
"location,LO0713,2025-07-13 01:10:00,,,,,,,,48.859402,2.342321,location_service,fix,DEV123,IMEI0001,trajet"
"browser,BR0723,2025-07-13 02:08:00,,,,,,https://www.example.com/transport/metro,,,,browser,visit,DEV123,IMEI0001,lecture article"
"location,LO0724,2025-07-13 02:11:00,,,,,,,,48.853695,2.368444,location_service,fix,DEV123,IMEI0001,"
"browser,BR0726,2025-07-13 02:17:00,,,,,,https://www.example.com/article-cafe-paris,,,,browser,visit,DEV123,IMEI0001,lecture article"
"browser,BR0728,2025-07-13 02:25:00,,,,,,https://www.example.com/restaurant/reservation,,,,browser,visit,DEV123,IMEI0001,recherche"
"browser,BR0729,2025-07-13 02:34:00,,,,,,https://www.example.com/restaurant/reservation,,,,browser,visit,DEV123,IMEI0001,horaires"
"media,ME0731,2025-07-13 02:44:00,,,,,,,IMG_20250710_000730.jpg,,,gallery,photo_taken,DEV123,IMEI0001,selfie"
"app_event,AP0732,2025-07-13 02:48:00,,,,,,""maps://route?to=48.8606,2.3376"",,,,ride_hailing,open_note,DEV123,IMEI0001,"
"browser,BR0735,2025-07-13 02:53:00,,,,,,https://www.example.com/article-cafe-paris,,,,browser,visit,DEV123,IMEI0001,lecture article"
"browser,BR0736,2025-07-13 02:55:00,,,,,,https://www.example.com/restaurant/reservation,,,,browser,visit,DEV123,IMEI0001,horaires"
"app_event,AP0738,2025-07-13 03:01:00,,,,,,notes://open?id=note_1,,,,maps,reminder_set,DEV123,IMEI0001,"
"browser,BR0739,2025-07-13 03:08:00,,,,,,https://www.example.com/billet-musee,,,,browser,visit,DEV123,IMEI0001,lecture article"
"app_event,AP0742,2025-07-13 03:20:00,,,,,,""maps://route?to=48.8606,2.3376"",,,,browser,request,DEV123,IMEI0001,"
"location,LO0746,2025-07-13 03:37:00,,,,,,,,48.864492,2.359525,location_service,fix,DEV123,IMEI0001,trajet"
"media,ME0748,2025-07-13 03:49:00,,,,,,,IMG_20250710_000747.jpg,,,gallery,photo_taken,DEV123,IMEI0001,selfie"
"location,LO0757,2025-07-13 05:01:00,,,,,,,,48.866870,2.366184,location_service,fix,DEV123,IMEI0001,trajet"
"media,ME0759,2025-07-13 05:17:00,,,,,,,VOICEMSG_20250710_000758.amr,,,voice_recorder,voice_saved,DEV123,IMEI0001,mémos vocal"
"browser,BR0760,2025-07-13 05:23:00,,,,,,https://www.example.com/billet-musee,,,,browser,visit,DEV123,IMEI0001,recherche"
"location,LO0764,2025-07-13 05:40:00,,,,,,,,48.853622,2.374088,location_service,fix,DEV123,IMEI0001,position stable"
"app_event,AP0768,2025-07-13 06:10:00,,,,,,whatsapp://chat?u=emma,,,,fitness,fitness_start,DEV123,IMEI0001,"
"browser,BR0769,2025-07-13 06:13:00,,,,,,https://www.example.com/billet-musee,,,,browser,visit,DEV123,IMEI0001,horaires"
"app_event,AP0773,2025-07-13 06:45:00,,,,,,""uber://request?to=48.8566,2.3522"",,,,spotify,open_note,DEV123,IMEI0001,"
"media,ME0776,2025-07-13 07:01:00,,,,,,,VOICEMSG_20250710_000775.amr,,,voice_recorder,voice_saved,DEV123,IMEI0001,mémos vocal"
"location,LO0777,2025-07-13 07:08:00,,,,,,,,48.870227,2.375755,location_service,fix,DEV123,IMEI0001,promenade"
"browser,BR0781,2025-07-13 07:22:00,,,,,,https://www.example.com/article-cafe-paris,,,,browser,visit,DEV123,IMEI0001,réservation"
"location,LO0783,2025-07-13 07:40:00,,,,,,,,48.875945,2.369697,location_service,fix,DEV123,IMEI0001,trajet"
"media,ME0787,2025-07-13 08:10:00,,,,,,,IMG_20250710_000786.jpg,,,gallery,photo_taken,DEV123,IMEI0001,photo intérieur"
"media,ME0789,2025-07-13 08:15:00,,,,,,,VOICEMSG_20250710_000788.amr,,,voice_recorder,voice_saved,DEV123,IMEI0001,mémos vocal"
"location,LO0791,2025-07-13 08:23:00,,,,,,,,48.854828,2.373841,location_service,fix,DEV123,IMEI0001,"
"location,LO0794,2025-07-13 08:38:00,,,,,,,,48.873521,2.352714,location_service,fix,DEV123,IMEI0001,position stable"
"app_event,AP0802,2025-07-13 09:20:00,,,,,,,,,,spotify,start,DEV123,IMEI0001,"
"app_event,AP0804,2025-07-13 09:27:00,,,,,,notes://open?id=note_1,,,,notes,backup,DEV123,IMEI0001,"
"location,LO0807,2025-07-13 09:35:00,,,,,,,,48.877330,2.356305,location_service,fix,DEV123,IMEI0001,trajet"
"location,LO0808,2025-07-13 09:42:00,,,,,,,,48.859492,2.355580,location_service,fix,DEV123,IMEI0001,"
"media,ME0811,2025-07-13 10:02:00,,,,,,,VOICEMSG_20250710_000810.amr,,,voice_recorder,voice_saved,DEV123,IMEI0001,mémos vocal"
"browser,BR0814,2025-07-13 10:18:00,,,,,,https://www.example.com/article-cafe-paris,,,,browser,visit,DEV123,IMEI0001,horaires"
"location,LO0819,2025-07-13 10:39:00,,,,,,,,48.858720,2.342695,location_service,fix,DEV123,IMEI0001,"
"browser,BR0821,2025-07-13 10:53:00,,,,,,https://www.example.com/article-cafe-paris,,,,browser,visit,DEV123,IMEI0001,réservation"
"location,LO0822,2025-07-13 10:57:00,,,,,,,,48.859534,2.358026,location_service,fix,DEV123,IMEI0001,promenade"
"browser,BR0823,2025-07-13 11:00:00,,,,,,https://www.example.com/recettes/pates,,,,browser,visit,DEV123,IMEI0001,réservation"
"media,ME0824,2025-07-13 11:07:00,,,,,,,IMG_20250710_000823.jpg,48.857385,2.348861,gallery,photo_taken,DEV123,IMEI0001,photo paysage"
"location,LO0827,2025-07-13 11:20:00,,,,,,,,48.875254,2.374349,location_service,fix,DEV123,IMEI0001,position stable"
"media,ME0832,2025-07-13 11:49:00,,,,,,,IMG_20250710_000831.jpg,48.865312,2.355871,gallery,photo_taken,DEV123,IMEI0001,photo amis"
"app_event,AP0834,2025-07-13 12:03:00,,,,,,spotify://track/12345,,,,voice_recorder,fitness_start,DEV123,IMEI0001,"
"location,LO0840,2025-07-13 12:41:00,,,,,,,,48.855215,2.366147,location_service,fix,DEV123,IMEI0001,promenade"
"location,LO0841,2025-07-13 12:43:00,,,,,,,,48.865500,2.355053,location_service,fix,DEV123,IMEI0001,position stable"
"location,LO0843,2025-07-13 12:58:00,,,,,,,,48.876461,2.357596,location_service,fix,DEV123,IMEI0001,position stable"
"location,LO0847,2025-07-13 13:20:00,,,,,,,,48.850673,2.341726,location_service,fix,DEV123,IMEI0001,position stable"
"location,LO0850,2025-07-13 13:37:00,,,,,,,,48.878418,2.348664,location_service,fix,DEV123,IMEI0001,trajet"
"app_event,AP0851,2025-07-13 13:40:00,,,,,,spotify://track/12345,,,,calendar,request,DEV123,IMEI0001,"
"app_event,AP0858,2025-07-13 14:19:00,,,,,,calendar://event?id=meet_18h,,,,fitness,request,DEV123,IMEI0001,"
"app_event,AP0859,2025-07-13 14:28:00,,,,,,notes://open?id=note_1,,,,notes,play,DEV123,IMEI0001,"
"location,LO0862,2025-07-13 14:49:00,,,,,,,,48.862259,2.347561,location_service,fix,DEV123,IMEI0001,"
"location,LO0863,2025-07-13 14:51:00,,,,,,,,48.865593,2.355001,location_service,fix,DEV123,IMEI0001,position stable"
"browser,BR0864,2025-07-13 14:57:00,,,,,,https://www.example.com/cinema/horaires,,,,browser,visit,DEV123,IMEI0001,réservation"
"location,LO0868,2025-07-13 15:27:00,,,,,,,,48.857613,2.352266,location_service,fix,DEV123,IMEI0001,promenade"
"media,ME0869,2025-07-13 15:34:00,,,,,,,IMG_20250710_000868.jpg,,,gallery,photo_taken,DEV123,IMEI0001,photo terrasse"
"media,ME0870,2025-07-13 15:42:00,,,,,,,IMG_20250710_000869.jpg,48.865250,2.371443,gallery,photo_taken,DEV123,IMEI0001,photo amis"
"location,LO0871,2025-07-13 15:43:00,,,,,,,,48.854822,2.378583,location_service,fix,DEV123,IMEI0001,"
"media,ME0872,2025-07-13 15:46:00,,,,,,,VOICEMSG_20250710_000871.amr,,,voice_recorder,voice_saved,DEV123,IMEI0001,mémos vocal"
"browser,BR0875,2025-07-13 15:59:00,,,,,,https://www.example.com/billet-musee,,,,browser,visit,DEV123,IMEI0001,lecture article"
"browser,BR0878,2025-07-13 16:09:00,,,,,,https://www.example.com/transport/metro,,,,browser,visit,DEV123,IMEI0001,lecture article"
"location,LO0880,2025-07-13 16:20:00,,,,,,,,48.850461,2.368145,location_service,fix,DEV123,IMEI0001,"
"location,LO0882,2025-07-13 16:33:00,,,,,,,,48.863643,2.356158,location_service,fix,DEV123,IMEI0001,"
"media,ME0885,2025-07-13 16:51:00,,,,,,,VOICEMSG_20250710_000884.amr,,,voice_recorder,voice_saved,DEV123,IMEI0001,mémos vocal"
"browser,BR0887,2025-07-13 17:11:00,,,,,,https://www.example.com/article-cafe-paris,,,,browser,visit,DEV123,IMEI0001,recherche"
"app_event,AP0890,2025-07-13 17:23:00,,,,,,""maps://route?to=48.8606,2.3376"",,,,maps,open_chat,DEV123,IMEI0001,"
"browser,BR0891,2025-07-13 17:29:00,,,,,,https://www.example.com/article-cafe-paris,,,,browser,visit,DEV123,IMEI0001,horaires"
"app_event,AP0893,2025-07-13 17:43:00,,,,,,""uber://request?to=48.8566,2.3522"",,,,whatsapp,play,DEV123,IMEI0001,"
"app_event,AP0895,2025-07-13 17:54:00,,,,,,,,,,gallery,fitness_start,DEV123,IMEI0001,"
"media,ME0897,2025-07-13 18:05:00,,,,,,,IMG_20250710_000896.jpg,,,gallery,photo_taken,DEV123,IMEI0001,selfie"
"location,LO0898,2025-07-13 18:13:00,,,,,,,,48.876944,2.375239,location_service,fix,DEV123,IMEI0001,promenade"
"browser,BR0902,2025-07-13 18:33:00,,,,,,https://www.example.com/billet-musee,,,,browser,visit,DEV123,IMEI0001,horaires"
"app_event,AP0906,2025-07-13 18:51:00,,,,,,spotify://track/12345,,,,backup,event_created,DEV123,IMEI0001,"
"media,ME0908,2025-07-13 19:10:00,,,,,,,VOICEMSG_20250710_000907.amr,,,voice_recorder,voice_saved,DEV123,IMEI0001,mémos vocal"
"app_event,AP0909,2025-07-13 19:14:00,,,,,,""uber://request?to=48.8566,2.3522"",,,,gallery,fitness_start,DEV123,IMEI0001,"
"app_event,AP0912,2025-07-13 19:25:00,,,,,,""uber://request?to=48.8566,2.3522"",,,,weather,open_chat,DEV123,IMEI0001,"
"media,ME0918,2025-07-13 20:04:00,,,,,,,IMG_20250710_000917.jpg,48.858596,2.365268,gallery,photo_taken,DEV123,IMEI0001,photo intérieur"
"app_event,AP0919,2025-07-13 20:10:00,,,,,,spotify://track/12345,,,,notes,backup,DEV123,IMEI0001,"
"location,LO0920,2025-07-13 20:12:00,,,,,,,,48.852373,2.353745,location_service,fix,DEV123,IMEI0001,promenade"
"browser,BR0924,2025-07-13 20:34:00,,,,,,https://www.example.com/transport/metro,,,,browser,visit,DEV123,IMEI0001,horaires"
"location,LO0928,2025-07-13 20:48:00,,,,,,,,48.865802,2.346824,location_service,fix,DEV123,IMEI0001,"
"browser,BR0929,2025-07-13 20:54:00,,,,,,https://www.example.com/cinema/horaires,,,,browser,visit,DEV123,IMEI0001,recherche"
"location,LO0931,2025-07-13 21:13:00,,,,,,,,48.863049,2.365591,location_service,fix,DEV123,IMEI0001,promenade"
"app_event,AP0932,2025-07-13 21:21:00,,,,,,,,,,calendar,fitness_start,DEV123,IMEI0001,"
"location,LO0936,2025-07-13 21:39:00,,,,,,,,48.866446,2.347543,location_service,fix,DEV123,IMEI0001,trajet"
"media,ME0939,2025-07-13 21:54:00,,,,,,,VOICEMSG_20250710_000938.amr,,,voice_recorder,voice_saved,DEV123,IMEI0001,mémos vocal"
"location,LO0940,2025-07-13 22:03:00,,,,,,,,48.874264,2.356516,location_service,fix,DEV123,IMEI0001,"
"media,ME0946,2025-07-13 22:51:00,,,,,,,VOICEMSG_20250710_000945.amr,,,voice_recorder,voice_saved,DEV123,IMEI0001,mémos vocal"
"app_event,AP0949,2025-07-13 23:04:00,,,,,,,,,,weather,open,DEV123,IMEI0001,"
"browser,BR0952,2025-07-13 23:15:00,,,,,,https://www.example.com/restaurant/reservation,,,,browser,visit,DEV123,IMEI0001,horaires"
"location,LO0953,2025-07-13 23:16:00,,,,,,,,48.872342,2.361983,location_service,fix,DEV123,IMEI0001,"
"location,LO0956,2025-07-13 23:32:00,,,,,,,,48.873674,2.340357,location_service,fix,DEV123,IMEI0001,"
"location,LO0957,2025-07-13 23:40:00,,,,,,,,48.870652,2.346200,location_service,fix,DEV123,IMEI0001,"
"app_event,AP0967,2025-07-14 00:50:00,,,,,,""uber://request?to=48.8566,2.3522"",,,,calendar,reminder_set,DEV123,IMEI0001,"
"browser,BR0969,2025-07-14 01:08:00,,,,,,https://www.example.com/transport/metro,,,,browser,visit,DEV123,IMEI0001,réservation"
"location,LO0974,2025-07-14 01:38:00,,,,,,,,48.857678,2.354654,location_service,fix,DEV123,IMEI0001,"
"browser,BR0976,2025-07-14 01:44:00,,,,,,https://www.example.com/cinema/horaires,,,,browser,visit,DEV123,IMEI0001,lecture article"
"location,LO0978,2025-07-14 02:00:00,,,,,,,,48.851220,2.342816,location_service,fix,DEV123,IMEI0001,promenade"
"browser,BR0982,2025-07-14 02:24:00,,,,,,https://www.example.com/article-cafe-paris,,,,browser,visit,DEV123,IMEI0001,horaires"
"media,ME0983,2025-07-14 02:33:00,,,,,,,VOICEMSG_20250710_000982.amr,,,voice_recorder,voice_saved,DEV123,IMEI0001,mémos vocal"
"app_event,AP0986,2025-07-14 02:48:00,,,,,,spotify://track/12345,,,,calendar,update_check,DEV123,IMEI0001,"
"app_event,AP0993,2025-07-14 03:25:00,,,,,,whatsapp://chat?u=emma,,,,weather,update_check,DEV123,IMEI0001,"
"media,ME0994,2025-07-14 03:31:00,,,,,,,VOICEMSG_20250710_000993.amr,,,voice_recorder,voice_saved,DEV123,IMEI0001,mémos vocal"
"browser,BR1000,2025-07-14 03:58:00,,,,,,https://www.example.com/article-cafe-paris,,,,browser,visit,DEV123,IMEI0001,recherche"
